"State","County","Year","Days with AQI","Good Days","Moderate Days","Unhealthy for Sensitive Groups Days","Unhealthy Days","Very Unhealthy Days","Hazardous Days","Max AQI","90th Percentile AQI","Median AQI","Days CO","Days NO2","Days Ozone","Days PM2.5","Days PM10"
"Alabama","Baldwin",2025,88,63,25,0,0,0,0,70,55,42,0,0,21,67,0
"Alabama","Clay",2025,90,74,15,1,0,0,0,133,59,30,0,0,0,90,0
"Alabama","DeKalb",2025,120,94,26,0,0,0,0,93,57,41,0,0,96,24,0
"Alabama","Elmore",2025,31,29,2,0,0,0,0,58,48,41,0,0,31,0,0
"Alabama","Etowah",2025,88,61,27,0,0,0,0,82,58,43,0,0,18,70,0
"Alabama","Jefferson",2025,91,29,61,1,0,0,0,112,77,56,1,3,4,83,0
"Alabama","Madison",2025,90,69,21,0,0,0,0,72,54,42,0,0,23,67,0
"Alabama","Mobile",2025,88,63,25,0,0,0,0,68,58,42,0,0,18,70,0
"Alabama","Montgomery",2025,84,55,29,0,0,0,0,90,61,43,0,0,11,73,0
"Alabama","Morgan",2025,90,75,15,0,0,0,0,71,53,39,0,0,21,69,0
"Alabama","Russell",2025,50,32,18,0,0,0,0,88,68,44,0,0,25,25,0
"Alabama","Shelby",2025,31,29,2,0,0,0,0,64,48,41,0,0,31,0,0
"Alabama","Sumter",2025,89,77,12,0,0,0,0,63,52,38,0,0,14,75,0
"Alabama","Tuscaloosa",2025,90,71,19,0,0,0,0,81,54,38,0,0,20,70,0
"Alaska","Anchorage ",2025,91,59,31,1,0,0,0,110,67,34,4,0,0,50,37
"Alaska","Denali ",2025,120,120,0,0,0,0,0,49,44,41,0,0,120,0,0
"Alaska","Fairbanks North Star ",2025,91,38,45,5,3,0,0,190,97,54,1,0,15,75,0
"Alaska","Juneau ",2025,90,68,21,1,0,0,0,138,62,30,0,0,0,90,0
"Alaska","Matanuska-Susitna ",2025,90,75,14,1,0,0,0,106,59,7,0,0,0,49,41
"Arizona","Apache",2025,178,177,1,0,0,0,0,52,34,17,0,0,0,0,178
"Arizona","Cochise",2025,181,134,43,2,1,0,1,328,64,44,0,0,93,0,88
"Arizona","Coconino",2025,181,104,76,1,0,0,0,105,77,49,0,0,181,0,0
"Arizona","Gila",2025,181,90,82,9,0,0,0,132,97,51,0,0,165,0,16
"Arizona","La Paz",2025,179,118,61,0,0,0,0,100,74,47,0,0,169,4,6
"Arizona","Maricopa",2025,182,8,151,22,0,0,1,366,101,76,1,0,104,31,46
"Arizona","Mohave",2025,179,169,10,0,0,0,0,75,34,17,0,0,0,9,170
"Arizona","Navajo",2025,181,181,0,0,0,0,0,45,23,13,0,0,0,0,181
"Arizona","Pima",2025,181,91,85,2,2,1,0,251,67,50,0,0,21,45,115
"Arizona","Pinal",2025,181,37,129,12,0,0,3,1215,99,66,0,0,108,13,60
"Arizona","Santa Cruz",2025,180,95,83,1,1,0,0,187,68,48,0,0,0,140,40
"Arizona","Yavapai",2025,178,103,75,0,0,0,0,97,74,49,0,0,178,0,0
"Arizona","Yuma",2025,181,93,82,5,0,1,0,211,71,50,0,0,111,20,50
"Arkansas","Arkansas",2025,61,36,25,0,0,0,0,77,56,43,0,0,0,61,0
"Arkansas","Ashley",2025,61,41,20,0,0,0,0,68,58,39,0,0,0,61,0
"Arkansas","Clark",2025,120,115,5,0,0,0,0,74,47,35,0,0,120,0,0
"Arkansas","Crittenden",2025,181,155,25,1,0,0,0,112,53,39,0,0,146,35,0
"Arkansas","Garland",2025,60,38,22,0,0,0,0,92,61,44,0,0,0,60,0
"Arkansas","Jackson",2025,61,47,14,0,0,0,0,79,54,38,0,0,0,61,0
"Arkansas","Newton",2025,181,170,11,0,0,0,0,77,48,38,0,0,181,0,0
"Arkansas","Polk",2025,180,144,35,1,0,0,0,119,60,39,0,0,147,33,0
"Arkansas","Pulaski",2025,182,67,111,2,1,1,0,239,69,53,1,0,46,135,0
"Arkansas","Union",2025,61,32,29,0,0,0,0,70,61,50,0,0,0,61,0
"Arkansas","Washington",2025,181,152,29,0,0,0,0,74,54,41,0,0,149,32,0
"California","Amador",2025,90,90,0,0,0,0,0,46,40,32,0,0,90,0,0
"California","Butte",2025,100,58,42,0,0,0,0,96,67,44,0,0,37,63,0
"California","Calaveras",2025,90,73,17,0,0,0,0,62,56,38,0,0,48,42,0
"California","Colusa",2025,179,165,14,0,0,0,0,80,44,31,0,0,69,109,1
"California","Del Norte",2025,90,71,19,0,0,0,0,70,54,35,0,0,0,90,0
"California","El Dorado",2025,90,90,0,0,0,0,0,43,38,32,0,0,89,0,1
"California","Fresno",2025,181,85,89,7,0,0,0,147,90,52,0,0,100,79,2
"California","Glenn",2025,59,45,14,0,0,0,0,74,59,37,0,0,38,21,0
"California","Humboldt",2025,180,151,29,0,0,0,0,75,54,35,0,0,25,149,6
"California","Imperial",2025,100,53,46,1,0,0,0,103,80,49,0,0,27,49,24
"California","Inyo",2025,118,48,68,1,1,0,0,163,77,54,0,0,59,53,6
"California","Kern",2025,151,53,96,2,0,0,0,105,74,55,0,0,51,94,6
"California","Kings",2025,90,40,49,1,0,0,0,103,76,52,0,0,21,69,0
"California","Lake",2025,17,17,0,0,0,0,0,29,26,14,0,0,0,15,2
"California","Los Angeles",2025,152,24,104,17,7,0,0,182,119,64,1,3,59,79,10
"California","Madera",2025,90,58,32,0,0,0,0,91,70,42,0,0,40,50,0
"California","Mariposa",2025,114,108,6,0,0,0,0,61,49,44,0,0,114,0,0
"California","Merced",2025,90,58,32,0,0,0,0,78,68,43,0,0,43,47,0
"California","Mono",2025,90,80,9,1,0,0,0,104,53,24,0,0,0,34,56
"California","Monterey",2025,182,141,41,0,0,0,0,62,55,40,1,0,90,84,7
"California","Nevada",2025,90,87,3,0,0,0,0,65,47,41,0,0,79,11,0
"California","Orange",2025,152,70,79,2,1,0,0,159,77,52,1,8,53,88,2
"California","Placer",2025,120,77,43,0,0,0,0,73,60,46,0,0,66,54,0
"California","Plumas",2025,101,23,74,4,0,0,0,111,89,66,0,0,0,101,0
"California","Riverside",2025,152,28,92,24,7,0,1,365,127,67,1,0,78,47,26
"California","Sacramento",2025,150,109,41,0,0,0,0,84,64,40,0,0,36,114,0
"California","San Benito",2025,181,169,12,0,0,0,0,62,48,39,0,0,149,32,0
"California","San Bernardino",2025,152,36,94,19,3,0,0,169,122,64,1,1,82,61,7
"California","San Diego",2025,183,107,75,1,0,0,0,103,65,47,0,0,67,116,0
"California","San Joaquin",2025,90,52,38,0,0,0,0,93,73,48,0,0,30,60,0
"California","San Luis Obispo",2025,90,40,50,0,0,0,0,68,60,52,0,0,26,64,0
"California","Santa Barbara",2025,91,33,57,0,1,0,0,186,58,52,1,0,9,81,0
"California","Santa Cruz",2025,181,148,33,0,0,0,0,71,57,37,0,0,98,83,0
"California","Shasta",2025,126,115,11,0,0,0,0,62,49,43,0,0,106,17,3
"California","Solano",2025,100,100,0,0,0,0,0,45,39,34,0,0,90,0,10
"California","Sonoma",2025,90,90,0,0,0,0,0,39,17,9,0,0,0,0,90
"California","Stanislaus",2025,127,84,43,0,0,0,0,87,71,44,0,0,66,60,1
"California","Sutter",2025,59,32,27,0,0,0,0,85,76,48,0,0,17,42,0
"California","Tehama",2025,90,84,6,0,0,0,0,67,43,25,0,0,9,77,4
"California","Trinity",2025,81,34,47,0,0,0,0,83,69,54,0,0,0,81,0
"California","Tulare",2025,125,59,65,1,0,0,0,104,78,52,0,0,44,81,0
"California","Tuolumne",2025,58,58,0,0,0,0,0,44,43,35,0,0,58,0,0
"California","Ventura",2025,151,88,62,1,0,0,0,125,59,48,0,0,78,67,6
"California","Yolo",2025,103,71,32,0,0,0,0,82,66,42,0,0,30,60,13
"Colorado","Adams",2025,181,101,79,1,0,0,0,112,74,49,0,17,113,40,11
"Colorado","Alamosa",2025,151,144,7,0,0,0,0,76,39,21,0,0,0,117,34
"Colorado","Arapahoe",2025,181,101,78,2,0,0,0,101,71,49,0,0,156,25,0
"Colorado","Archuleta",2025,150,150,0,0,0,0,0,47,32,25,0,0,68,73,9
"Colorado","Boulder",2025,181,107,73,1,0,0,0,101,71,48,0,0,141,40,0
"Colorado","Clear Creek",2025,179,112,67,0,0,0,0,100,71,48,0,0,179,0,0
"Colorado","Denver",2025,182,92,87,3,0,0,0,115,75,50,1,26,106,49,0
"Colorado","Douglas",2025,181,116,63,2,0,0,0,115,71,48,0,0,155,26,0
"Colorado","El Paso",2025,181,118,63,0,0,0,0,97,74,47,0,0,176,5,0
"Colorado","Fremont",2025,148,142,6,0,0,0,0,56,42,22,0,0,0,96,52
"Colorado","Garfield",2025,174,160,14,0,0,0,0,71,49,42,0,0,174,0,0
"Colorado","Gilpin",2025,181,122,58,1,0,0,0,101,71,48,0,0,181,0,0
"Colorado","Gunnison",2025,120,74,45,1,0,0,0,115,67,49,0,0,120,0,0
"Colorado","Jefferson",2025,181,98,79,4,0,0,0,115,84,49,0,0,181,0,0
"Colorado","La Plata",2025,120,92,28,0,0,0,0,77,67,46,0,0,117,3,0
"Colorado","Larimer",2025,182,84,90,8,0,0,0,119,84,51,1,0,160,21,0
"Colorado","Mesa",2025,181,117,64,0,0,0,0,90,64,47,0,0,151,30,0
"Colorado","Montezuma",2025,181,129,52,0,0,0,0,90,67,46,0,0,181,0,0
"Colorado","Pitkin",2025,151,147,4,0,0,0,0,57,32,16,0,0,0,113,38
"Colorado","Prowers",2025,151,143,6,0,0,1,1,652,43,23,0,0,0,120,31
"Colorado","Pueblo",2025,177,124,52,1,0,0,0,101,71,46,0,0,155,21,1
"Colorado","Routt",2025,151,147,4,0,0,0,0,54,37,22,0,0,0,134,17
"Colorado","San Miguel",2025,151,147,4,0,0,0,0,59,36,17,0,0,0,99,52
"Colorado","Weld",2025,182,103,75,4,0,0,0,108,80,48,1,1,143,37,0
"Connecticut","Fairfield",2025,90,68,22,0,0,0,0,67,61,42,0,12,25,53,0
"Connecticut","Hartford",2025,90,66,24,0,0,0,0,71,59,42,0,4,57,29,0
"Connecticut","Litchfield",2025,91,87,4,0,0,0,0,56,47,39,1,0,70,20,0
"Connecticut","Middlesex",2025,31,30,1,0,0,0,0,54,46,42,0,0,31,0,0
"Connecticut","New Haven",2025,91,68,23,0,0,0,0,71,58,40,1,5,54,31,0
"Connecticut","New London",2025,90,78,12,0,0,0,0,64,53,35,0,0,27,63,0
"Connecticut","Tolland",2025,30,29,1,0,0,0,0,54,48,44,0,0,30,0,0
"Connecticut","Windham",2025,119,112,7,0,0,0,0,84,47,37,0,0,119,0,0
"Country Of Mexico","SONORA",2025,181,66,109,4,2,0,0,191,80,54,0,0,95,28,58
"Delaware","Kent",2025,90,68,22,0,0,0,0,69,56,41,0,0,47,43,0
"Delaware","New Castle",2025,90,49,41,0,0,0,0,82,63,46,0,0,38,52,0
"Delaware","Sussex",2025,90,75,15,0,0,0,0,63,55,39,0,0,56,34,0
"District Of Columbia","District of Columbia",2025,151,120,31,0,0,0,0,93,54,44,0,4,101,46,0
"Florida","Alachua",2025,90,83,7,0,0,0,0,64,48,39,0,0,52,38,0
"Florida","Baker",2025,90,62,28,0,0,0,0,65,55,44,0,0,20,70,0
"Florida","Bay",2025,90,59,31,0,0,0,0,70,58,42,0,0,30,60,0
"Florida","Brevard",2025,90,79,11,0,0,0,0,80,51,41,0,0,78,12,0
"Florida","Broward",2025,91,56,35,0,0,0,0,93,58,45,1,2,36,52,0
"Florida","Citrus",2025,90,63,26,1,0,0,0,125,55,44,0,0,0,90,0
"Florida","Collier",2025,90,65,25,0,0,0,0,67,54,42,0,0,53,37,0
"Florida","Columbia",2025,90,46,44,0,0,0,0,77,59,50,0,0,18,72,0
"Florida","Duval",2025,91,36,54,1,0,0,0,117,61,52,1,2,23,65,0
"Florida","Escambia",2025,90,59,30,1,0,0,0,104,59,44,0,0,39,51,0
"Florida","Flagler",2025,90,87,3,0,0,0,0,54,48,38,0,0,90,0,0
"Florida","Hamilton",2025,83,55,28,0,0,0,0,67,56,44,0,0,0,83,0
"Florida","Highlands",2025,89,81,8,0,0,0,0,67,50,40,0,0,89,0,0
"Florida","Hillsborough",2025,91,38,53,0,0,0,0,87,62,52,1,0,22,68,0
"Florida","Holmes",2025,90,63,27,0,0,0,0,79,58,44,0,0,31,59,0
"Florida","Indian River",2025,78,65,13,0,0,0,0,77,58,44,0,0,78,0,0
"Florida","Lake",2025,89,83,6,0,0,0,0,64,49,38,0,0,89,0,0
"Florida","Lee",2025,90,57,33,0,0,0,0,84,64,46,0,0,54,36,0
"Florida","Leon",2025,90,44,45,1,0,0,0,140,61,51,0,0,18,72,0
"Florida","Liberty",2025,97,92,5,0,0,0,0,77,49,38,0,0,97,0,0
"Florida","Manatee",2025,90,80,10,0,0,0,0,80,54,40,0,0,90,0,0
"Florida","Marion",2025,90,51,39,0,0,0,0,74,57,49,0,0,18,72,0
"Florida","Martin",2025,90,68,22,0,0,0,0,74,55,43,0,0,47,43,0
"Florida","Miami-Dade",2025,91,42,49,0,0,0,0,97,60,51,1,6,24,60,0
"Florida","Okaloosa",2025,90,86,4,0,0,0,0,61,46,39,0,0,79,0,11
"Florida","Orange",2025,91,60,30,1,0,0,0,105,58,46,1,3,35,52,0
"Florida","Osceola",2025,90,72,18,0,0,0,0,98,54,42,0,0,46,44,0
"Florida","Palm Beach",2025,90,61,29,0,0,0,0,87,58,44,0,0,36,54,0
"Florida","Pasco",2025,90,83,7,0,0,0,0,74,49,40,0,0,90,0,0
"Florida","Pinellas",2025,91,55,36,0,0,0,0,87,56,47,1,0,31,59,0
"Florida","Polk",2025,90,85,5,0,0,0,0,84,47,36,0,0,90,0,0
"Florida","Putnam",2025,90,89,1,0,0,0,0,61,42,22,0,0,0,0,90
"Florida","Santa Rosa",2025,90,63,27,0,0,0,0,72,61,44,0,0,39,51,0
"Florida","Sarasota",2025,90,53,37,0,0,0,0,77,61,48,0,0,36,54,0
"Florida","Seminole",2025,90,69,21,0,0,0,0,80,57,42,0,0,51,39,0
"Florida","St. Lucie",2025,90,84,6,0,0,0,0,67,49,39,0,0,90,0,0
"Florida","Volusia",2025,90,60,30,0,0,0,0,71,57,44,0,0,44,46,0
"Florida","Wakulla",2025,91,69,22,0,0,0,0,64,55,43,2,0,35,54,0
"Georgia","Bibb",2025,151,63,87,1,0,0,0,119,68,53,0,0,10,141,0
"Georgia","Chatham",2025,151,91,60,0,0,0,0,90,60,47,0,0,38,113,0
"Georgia","Clarke",2025,151,87,64,0,0,0,0,89,61,48,0,0,37,114,0
"Georgia","Clayton",2025,39,20,19,0,0,0,0,64,59,49,0,0,0,39,0
"Georgia","Cobb",2025,95,88,7,0,0,0,0,74,47,35,0,0,89,6,0
"Georgia","Coffee",2025,151,101,50,0,0,0,0,78,61,44,0,0,0,151,0
"Georgia","Dawson",2025,92,80,12,0,0,0,0,97,58,41,0,0,92,0,0
"Georgia","DeKalb",2025,152,87,65,0,0,0,0,73,58,47,1,14,32,105,0
"Georgia","Dougherty",2025,151,66,84,1,0,0,0,115,70,52,0,0,0,151,0
"Georgia","Floyd",2025,150,112,38,0,0,0,0,78,58,34,0,0,0,150,0
"Georgia","Fulton",2025,152,83,69,0,0,0,0,84,61,49,1,12,42,97,0
"Georgia","Glynn",2025,164,127,37,0,0,0,0,94,57,41,0,0,76,88,0
"Georgia","Gwinnett",2025,181,115,66,0,0,0,0,84,60,45,0,0,75,106,0
"Georgia","Hall",2025,151,84,67,0,0,0,0,81,60,46,0,0,0,151,0
"Georgia","Henry",2025,181,134,47,0,0,0,0,74,57,41,0,0,80,101,0
"Georgia","Houston",2025,151,85,66,0,0,0,0,93,64,46,0,0,0,151,0
"Georgia","Lowndes",2025,151,68,83,0,0,0,0,88,66,52,0,0,0,151,0
"Georgia","Murray",2025,90,76,13,1,0,0,0,112,61,43,0,0,90,0,0
"Georgia","Muscogee",2025,151,75,71,3,2,0,0,166,72,51,0,0,22,129,0
"Georgia","Pike",2025,116,101,15,0,0,0,0,90,61,40,0,0,116,0,0
"Georgia","Richmond",2025,151,63,87,1,0,0,0,130,73,53,0,0,21,130,0
"Georgia","Rockdale",2025,120,110,10,0,0,0,0,67,50,38,0,0,120,0,0
"Georgia","Walker",2025,151,76,72,1,2,0,0,181,66,50,0,0,0,151,0
"Georgia","Washington",2025,151,83,68,0,0,0,0,82,60,49,0,0,0,151,0
"Hawaii","Hawaii",2025,120,93,27,0,0,0,0,78,62,33,0,0,0,120,0
"Hawaii","Honolulu",2025,91,84,7,0,0,0,0,58,46,36,1,0,53,37,0
"Hawaii","Maui",2025,89,84,5,0,0,0,0,69,43,23,0,0,0,89,0
"Idaho","Ada",2025,91,76,15,0,0,0,0,62,52,37,1,0,45,43,2
"Idaho","Bannock",2025,179,166,12,1,0,0,0,111,43,18,0,0,0,54,125
"Idaho","Benewah",2025,90,48,42,0,0,0,0,92,70,45,0,0,0,90,0
"Idaho","Blaine",2025,85,84,1,0,0,0,0,56,36,24,0,0,0,85,0
"Idaho","Boise",2025,90,50,40,0,0,0,0,82,59,48,0,0,0,90,0
"Idaho","Bonner",2025,90,53,37,0,0,0,0,74,59,47,0,0,0,90,0
"Idaho","Bonneville",2025,88,80,8,0,0,0,0,68,50,17,0,0,0,88,0
"Idaho","Butte",2025,119,112,7,0,0,0,0,74,50,42,0,0,119,0,0
"Idaho","Canyon",2025,90,73,17,0,0,0,0,65,55,32,0,0,0,83,7
"Idaho","Franklin",2025,81,78,3,0,0,0,0,82,43,14,0,0,0,81,0
"Idaho","Idaho",2025,120,84,36,0,0,0,0,81,61,42,0,0,60,60,0
"Idaho","Kootenai",2025,90,69,21,0,0,0,0,71,56,32,0,0,0,90,0
"Idaho","Latah",2025,90,90,0,0,0,0,0,47,32,21,0,0,0,90,0
"Idaho","Lemhi",2025,90,34,56,0,0,0,0,85,71,54,0,0,0,90,0
"Idaho","Nez Perce",2025,90,70,20,0,0,0,0,89,68,27,0,0,0,90,0
"Idaho","Shoshone",2025,90,22,67,1,0,0,0,111,77,58,0,0,0,90,0
"Idaho","Twin Falls",2025,90,86,3,1,0,0,0,105,44,24,0,0,0,90,0
"Idaho","Valley",2025,90,54,36,0,0,0,0,94,68,44,0,0,0,90,0
"Illinois","Adams",2025,121,113,8,0,0,0,0,71,49,40,0,0,121,0,0
"Illinois","Champaign",2025,181,130,50,1,0,0,0,137,61,42,0,0,95,86,0
"Illinois","Clark",2025,118,116,2,0,0,0,0,54,45,34,0,0,118,0,0
"Illinois","Cook",2025,182,89,86,6,1,0,0,154,75,51,1,23,52,101,5
"Illinois","DuPage",2025,181,125,54,2,0,0,0,139,63,42,0,0,58,123,0
"Illinois","Effingham",2025,119,116,3,0,0,0,0,64,45,35,0,0,119,0,0
"Illinois","Hamilton",2025,177,135,42,0,0,0,0,98,61,41,0,0,89,88,0
"Illinois","Jersey",2025,174,141,32,1,0,0,0,119,61,41,0,0,101,73,0
"Illinois","Jo Daviess",2025,119,117,2,0,0,0,0,54,43,33,0,0,119,0,0
"Illinois","Kane",2025,181,124,53,4,0,0,0,136,66,42,0,0,76,105,0
"Illinois","Lake",2025,107,97,8,2,0,0,0,108,50,38,0,0,107,0,0
"Illinois","Macon",2025,181,126,54,1,0,0,0,141,61,44,0,0,72,109,0
"Illinois","Macoupin",2025,180,170,10,0,0,0,0,87,46,36,0,63,117,0,0
"Illinois","Madison",2025,181,110,70,0,0,1,0,260,66,45,0,0,63,115,3
"Illinois","McHenry",2025,181,131,46,4,0,0,0,133,64,41,0,0,86,95,0
"Illinois","McLean",2025,181,126,53,2,0,0,0,126,67,44,0,0,83,98,0
"Illinois","Peoria",2025,178,117,59,2,0,0,0,122,64,44,0,0,71,107,0
"Illinois","Randolph",2025,181,130,50,0,1,0,0,161,60,41,0,0,71,110,0
"Illinois","Rock Island",2025,181,136,45,0,0,0,0,92,58,39,0,0,79,102,0
"Illinois","Saint Clair",2025,181,124,56,0,1,0,0,161,61,43,0,6,53,122,0
"Illinois","Sangamon",2025,181,142,38,1,0,0,0,103,58,41,0,0,85,96,0
"Illinois","Will",2025,181,117,61,3,0,0,0,133,68,44,0,0,67,114,0
"Illinois","Winnebago",2025,171,128,42,1,0,0,0,108,64,39,0,0,82,89,0
"Indiana","Allen",2025,151,110,41,0,0,0,0,77,58,41,0,0,87,64,0
"Indiana","Bartholomew",2025,151,119,32,0,0,0,0,74,54,42,0,0,94,57,0
"Indiana","Boone",2025,117,113,4,0,0,0,0,87,46,33,0,0,117,0,0
"Indiana","Brown",2025,151,144,7,0,0,0,0,71,46,36,0,0,151,0,0
"Indiana","Carroll",2025,116,113,3,0,0,0,0,67,43,34,0,0,116,0,0
"Indiana","Clark",2025,156,112,44,0,0,0,0,77,57,42,0,0,69,82,5
"Indiana","Delaware",2025,151,120,31,0,0,0,0,71,55,40,0,0,89,62,0
"Indiana","Dubois",2025,151,124,27,0,0,0,0,88,55,33,0,0,0,151,0
"Indiana","Elkhart",2025,150,115,35,0,0,0,0,86,56,40,0,0,85,65,0
"Indiana","Floyd",2025,146,94,52,0,0,0,0,77,58,46,0,0,59,87,0
"Indiana","Greene",2025,151,123,28,0,0,0,0,86,57,41,0,0,97,54,0
"Indiana","Hamilton",2025,151,101,50,0,0,0,0,73,57,44,0,0,64,87,0
"Indiana","Hendricks",2025,119,115,4,0,0,0,0,71,46,34,0,0,119,0,0
"Indiana","Henry",2025,129,99,30,0,0,0,0,68,56,34,0,0,0,129,0
"Indiana","Howard",2025,151,112,39,0,0,0,0,80,55,42,0,0,85,66,0
"Indiana","Knox",2025,119,114,5,0,0,0,0,67,47,36,0,0,119,0,0
"Indiana","LaPorte",2025,151,127,23,1,0,0,0,118,55,37,0,0,95,56,0
"Indiana","Lake",2025,158,81,74,2,0,1,0,219,63,49,0,0,25,121,12
"Indiana","Madison",2025,151,127,24,0,0,0,0,69,53,38,0,0,92,59,0
"Indiana","Marion",2025,162,86,76,0,0,0,0,86,64,50,1,0,33,118,10
"Indiana","Monroe",2025,151,120,31,0,0,0,0,83,55,32,0,0,0,151,0
"Indiana","Perry",2025,138,129,9,0,0,0,0,71,49,38,0,0,138,0,0
"Indiana","Porter",2025,181,151,29,1,0,0,0,127,53,38,0,0,91,52,38
"Indiana","Posey",2025,139,133,6,0,0,0,0,64,47,38,0,0,139,0,0
"Indiana","Shelby",2025,120,115,5,0,0,0,0,74,47,34,0,0,120,0,0
"Indiana","Spencer",2025,151,117,34,0,0,0,0,88,55,35,0,0,0,151,0
"Indiana","St. Joseph",2025,151,121,30,0,0,0,0,90,55,40,0,0,88,63,0
"Indiana","Tippecanoe",2025,144,125,19,0,0,0,0,71,51,32,0,0,0,144,0
"Indiana","Vanderburgh",2025,152,107,45,0,0,0,0,89,58,44,1,0,68,82,1
"Indiana","Vigo",2025,120,76,44,0,0,0,0,80,61,44,0,0,46,74,0
"Indiana","Wabash",2025,119,116,3,0,0,0,0,64,44,34,0,0,119,0,0
"Indiana","Warrick",2025,151,141,10,0,0,0,0,77,48,38,0,0,151,0,0
"Indiana","Whitley",2025,131,105,26,0,0,0,0,78,55,33,0,0,0,131,0
"Iowa","Black Hawk",2025,181,99,82,0,0,0,0,95,63,49,0,0,0,181,0
"Iowa","Bremer",2025,119,97,21,1,0,0,0,115,74,40,0,0,119,0,0
"Iowa","Clinton",2025,181,111,69,1,0,0,0,101,71,44,0,0,84,97,0
"Iowa","Harrison",2025,115,87,26,2,0,0,0,119,77,43,0,0,115,0,0
"Iowa","Johnson",2025,181,137,43,1,0,0,0,112,62,33,0,0,0,181,0
"Iowa","Linn",2025,181,117,62,2,0,0,0,123,71,42,0,0,80,101,0
"Iowa","Montgomery",2025,181,121,60,0,0,0,0,93,67,44,0,0,74,107,0
"Iowa","Muscatine",2025,181,126,55,0,0,0,0,82,60,42,0,0,0,181,0
"Iowa","Palo Alto",2025,181,130,48,3,0,0,0,125,74,42,0,0,93,88,0
"Iowa","Polk",2025,181,116,65,0,0,0,0,97,67,44,0,0,67,112,2
"Iowa","Pottawattamie",2025,61,48,13,0,0,0,0,77,57,32,0,0,0,61,0
"Iowa","Scott",2025,182,116,66,0,0,0,0,97,74,44,1,0,92,62,27
"Iowa","Van Buren",2025,180,127,53,0,0,0,0,85,61,43,0,0,73,107,0
"Iowa","Woodbury",2025,142,107,32,3,0,0,0,122,71,42,0,0,113,29,0
"Kansas","Douglas",2025,40,36,4,0,0,0,0,71,58,41,0,0,40,0,0
"Kansas","Ford",2025,89,82,6,1,0,0,0,115,47,23,0,0,0,72,17
"Kansas","Johnson",2025,90,68,21,0,1,0,0,188,56,41,0,0,46,43,1
"Kansas","Leavenworth",2025,89,88,1,0,0,0,0,80,43,34,0,0,89,0,0
"Kansas","Neosho",2025,90,72,17,0,0,0,1,315,55,41,0,0,44,42,4
"Kansas","Sedgwick",2025,90,49,40,0,1,0,0,192,66,48,0,0,25,62,3
"Kansas","Shawnee",2025,90,61,28,0,0,1,0,238,60,43,0,0,39,48,3
"Kansas","Sherman",2025,90,85,5,0,0,0,0,58,41,21,0,0,0,72,18
"Kansas","Sumner",2025,90,66,22,1,0,0,1,370,61,37,0,5,9,67,9
"Kansas","Trego",2025,89,81,8,0,0,0,0,68,49,35,0,0,64,22,3
"Kansas","Wyandotte",2025,90,60,29,0,0,1,0,240,63,43,0,6,35,45,4
"Kentucky","Bell",2025,90,53,37,0,0,0,0,92,66,44,0,0,16,74,0
"Kentucky","Boone",2025,31,28,3,0,0,0,0,71,49,39,0,0,31,0,0
"Kentucky","Boyd",2025,90,75,15,0,0,0,0,64,54,38,0,1,26,63,0
"Kentucky","Bullitt",2025,31,27,4,0,0,0,0,67,51,42,0,0,31,0,0
"Kentucky","Campbell",2025,90,76,14,0,0,0,0,64,53,36,0,1,26,63,0
"Kentucky","Carter",2025,90,83,7,0,0,0,0,58,47,32,0,0,29,61,0
"Kentucky","Christian",2025,90,70,20,0,0,0,0,71,57,39,0,0,22,68,0
"Kentucky","Daviess",2025,90,67,23,0,0,0,0,82,59,37,0,0,18,72,0
"Kentucky","Edmonson",2025,113,106,7,0,0,0,0,77,49,37,0,0,113,0,0
"Kentucky","Fayette",2025,90,65,25,0,0,0,0,76,56,37,0,3,20,67,0
"Kentucky","Greenup",2025,31,28,3,0,0,0,0,54,49,39,0,0,31,0,0
"Kentucky","Hancock",2025,31,26,5,0,0,0,0,71,58,44,0,0,31,0,0
"Kentucky","Hardin",2025,31,22,9,0,0,0,0,61,55,44,0,0,19,12,0
"Kentucky","Jefferson",2025,91,55,36,0,0,0,0,82,61,46,1,2,27,61,0
"Kentucky","Jessamine",2025,88,68,20,0,0,0,0,71,55,40,0,0,24,64,0
"Kentucky","Livingston",2025,26,24,2,0,0,0,0,67,50,43,0,0,26,0,0
"Kentucky","McCracken",2025,90,77,13,0,0,0,0,62,53,37,0,6,21,63,0
"Kentucky","Morgan",2025,115,108,7,0,0,0,0,77,48,37,0,0,115,0,0
"Kentucky","Oldham",2025,31,30,1,0,0,0,0,58,48,40,0,0,31,0,0
"Kentucky","Perry",2025,90,78,11,0,1,0,0,172,53,37,0,0,23,67,0
"Kentucky","Pike",2025,90,80,10,0,0,0,0,67,51,32,0,0,23,67,0
"Kentucky","Pulaski",2025,90,75,15,0,0,0,0,64,52,40,0,0,21,69,0
"Kentucky","Simpson",2025,31,27,4,0,0,0,0,74,58,44,0,0,31,0,0
"Kentucky","Warren",2025,90,73,17,0,0,0,0,63,53,37,0,0,23,67,0
"Kentucky","Washington",2025,117,108,9,0,0,0,0,84,50,37,0,0,117,0,0
"Louisiana","Ascension",2025,181,170,11,0,0,0,0,77,48,33,0,5,176,0,0
"Louisiana","Bossier",2025,181,162,19,0,0,0,0,90,51,37,0,0,143,34,4
"Louisiana","Caddo",2025,172,150,22,0,0,0,0,80,51,36,0,0,153,19,0
"Louisiana","Calcasieu",2025,181,122,59,0,0,0,0,93,59,46,0,0,76,105,0
"Louisiana","East Baton Rouge",2025,181,98,82,1,0,0,0,115,61,49,0,0,72,108,1
"Louisiana","Iberville",2025,181,147,33,1,0,0,0,105,54,38,0,0,167,14,0
"Louisiana","Jefferson",2025,181,109,72,0,0,0,0,84,64,48,0,1,83,97,0
"Louisiana","Lafayette",2025,178,128,50,0,0,0,0,74,56,46,0,0,78,100,0
"Louisiana","Lafourche",2025,181,117,64,0,0,0,0,74,55,46,0,0,54,127,0
"Louisiana","Livingston",2025,179,102,77,0,0,0,0,84,59,48,0,0,70,109,0
"Louisiana","Orleans",2025,182,133,49,0,0,0,0,71,55,43,1,16,0,163,2
"Louisiana","Ouachita",2025,181,133,48,0,0,0,0,71,55,43,0,0,87,94,0
"Louisiana","Pointe Coupee",2025,181,166,15,0,0,0,0,93,50,36,0,0,181,0,0
"Louisiana","Rapides",2025,30,27,3,0,0,0,0,66,53,27,0,0,0,30,0
"Louisiana","St. Bernard",2025,181,125,56,0,0,0,0,87,59,46,0,0,101,80,0
"Louisiana","St. James",2025,179,165,14,0,0,0,0,84,50,33,0,0,179,0,0
"Louisiana","St. John the Baptist",2025,181,168,13,0,0,0,0,87,48,34,0,0,181,0,0
"Louisiana","St. Martin",2025,181,165,16,0,0,0,0,74,50,36,0,0,181,0,0
"Louisiana","St. Tammany",2025,179,153,25,1,0,0,0,105,58,38,0,0,179,0,0
"Louisiana","Tangipahoa",2025,31,28,3,0,0,0,0,60,48,33,0,0,0,31,0
"Louisiana","Terrebonne",2025,30,27,3,0,0,0,0,58,52,34,0,0,0,30,0
"Louisiana","West Baton Rouge",2025,181,100,80,1,0,0,0,112,59,49,0,0,58,123,0
"Maine","Androscoggin",2025,181,160,21,0,0,0,0,90,52,38,0,0,115,61,5
"Maine","Aroostook",2025,91,76,15,0,0,0,0,66,53,37,1,0,52,30,8
"Maine","Cumberland",2025,181,136,43,2,0,0,0,126,62,41,0,0,107,67,7
"Maine","Hancock",2025,182,168,12,2,0,0,0,122,49,39,1,0,170,11,0
"Maine","Kennebec",2025,181,152,29,0,0,0,0,83,56,38,0,0,108,73,0
"Maine","Knox",2025,178,173,5,0,0,0,0,58,45,37,0,0,178,0,0
"Maine","Oxford",2025,181,135,46,0,0,0,0,78,60,41,0,0,77,104,0
"Maine","Penobscot",2025,181,152,29,0,0,0,0,100,55,39,0,0,105,72,4
"Maine","Sagadahoc",2025,110,104,6,0,0,0,0,90,48,39,0,0,110,0,0
"Maine","Washington",2025,180,172,8,0,0,0,0,71,47,37,0,0,164,16,0
"Maine","York",2025,181,176,4,1,0,0,0,147,46,38,0,0,181,0,0
"Maryland","Anne Arundel",2025,128,111,16,1,0,0,0,101,58,42,0,0,118,0,10
"Maryland","Baltimore",2025,181,122,57,2,0,0,0,129,66,44,0,0,109,72,0
"Maryland","Baltimore (City)",2025,181,120,60,1,0,0,0,108,62,44,0,1,88,92,0
"Maryland","Calvert",2025,118,109,9,0,0,0,0,77,50,42,0,0,118,0,0
"Maryland","Carroll",2025,115,102,13,0,0,0,0,90,54,40,0,0,115,0,0
"Maryland","Cecil",2025,181,145,34,2,0,0,0,129,61,41,0,0,107,74,0
"Maryland","Charles",2025,120,106,14,0,0,0,0,97,51,41,0,0,120,0,0
"Maryland","Dorchester",2025,181,149,32,0,0,0,0,84,53,41,0,0,148,33,0
"Maryland","Frederick",2025,122,103,19,0,0,0,0,93,61,42,0,0,122,0,0
"Maryland","Garrett",2025,182,156,26,0,0,0,0,71,55,41,1,1,138,42,0
"Maryland","Harford",2025,180,129,48,3,0,0,0,143,61,44,0,0,107,73,0
"Maryland","Howard",2025,177,138,39,0,0,0,0,73,54,36,2,0,0,175,0
"Maryland","Kent",2025,176,141,34,1,0,0,0,129,58,42,0,0,102,74,0
"Maryland","Montgomery",2025,180,144,36,0,0,0,0,90,58,42,0,0,102,78,0
"Maryland","Prince George's",2025,181,154,24,3,0,0,0,126,58,42,0,0,156,25,0
"Maryland","Washington",2025,181,134,47,0,0,0,0,90,61,43,0,0,93,88,0
"Massachusetts","Barnstable",2025,118,113,5,0,0,0,0,64,48,40,0,0,118,0,0
"Massachusetts","Berkshire",2025,120,97,23,0,0,0,0,97,60,39,0,1,90,29,0
"Massachusetts","Bristol",2025,120,104,16,0,0,0,0,64,53,40,0,0,103,17,0
"Massachusetts","Dukes",2025,90,89,1,0,0,0,0,61,45,39,0,0,90,0,0
"Massachusetts","Essex",2025,120,105,15,0,0,0,0,77,53,41,0,0,100,20,0
"Massachusetts","Franklin",2025,119,89,30,0,0,0,0,77,62,40,0,0,79,40,0
"Massachusetts","Hampden",2025,120,96,24,0,0,0,0,84,56,40,0,6,85,29,0
"Massachusetts","Hampshire",2025,120,108,12,0,0,0,0,97,51,39,0,0,100,19,1
"Massachusetts","Middlesex",2025,120,99,21,0,0,0,0,67,55,40,0,1,88,31,0
"Massachusetts","Norfolk",2025,120,105,15,0,0,0,0,77,52,42,0,0,107,13,0
"Massachusetts","Plymouth",2025,120,106,14,0,0,0,0,67,52,39,0,0,94,26,0
"Massachusetts","Suffolk",2025,121,95,26,0,0,0,0,70,58,38,1,8,62,49,1
"Massachusetts","Worcester",2025,121,94,27,0,0,0,0,87,56,41,1,0,98,21,1
"Michigan","Allegan",2025,90,72,17,1,0,0,0,105,55,41,0,0,27,63,0
"Michigan","Bay",2025,90,62,28,0,0,0,0,70,58,39,0,0,0,90,0
"Michigan","Berrien",2025,48,48,0,0,0,0,0,50,44,39,0,0,48,0,0
"Michigan","Cass",2025,16,16,0,0,0,0,0,47,43,39,0,0,16,0,0
"Michigan","Genesee",2025,91,75,16,0,0,0,0,65,54,35,0,0,26,65,0
"Michigan","Ingham",2025,90,73,17,0,0,0,0,68,56,35,0,1,45,43,1
"Michigan","Kalamazoo",2025,91,67,24,0,0,0,0,84,58,31,0,0,0,91,0
"Michigan","Kent",2025,92,52,39,1,0,0,0,138,61,48,0,2,8,81,1
"Michigan","Lenawee",2025,90,67,23,0,0,0,0,78,60,31,0,0,0,90,0
"Michigan","Macomb",2025,90,67,23,0,0,0,0,70,59,38,0,0,23,67,0
"Michigan","Manistee",2025,90,86,4,0,0,0,0,87,44,17,0,0,0,90,0
"Michigan","Marquette",2025,33,31,2,0,0,0,0,67,37,12,0,0,0,33,0
"Michigan","Missaukee",2025,89,85,4,0,0,0,0,92,43,30,0,0,26,63,0
"Michigan","Muskegon",2025,31,30,1,0,0,0,0,54,42,39,0,0,31,0,0
"Michigan","Oakland",2025,90,64,26,0,0,0,0,76,61,38,0,0,23,67,0
"Michigan","Ottawa",2025,90,76,13,1,0,0,0,139,55,26,0,0,0,87,3
"Michigan","Schoolcraft",2025,90,86,4,0,0,0,0,77,39,19,0,0,9,81,0
"Michigan","St. Clair",2025,90,66,24,0,0,0,0,67,60,37,0,0,23,67,0
"Michigan","Tuscola",2025,120,117,3,0,0,0,0,61,44,36,0,0,120,0,0
"Michigan","Washtenaw",2025,120,99,21,0,0,0,0,75,55,39,0,0,86,34,0
"Michigan","Wayne",2025,91,36,55,0,0,0,0,88,68,54,1,2,6,82,0
"Michigan","Wexford",2025,119,116,3,0,0,0,0,67,45,37,0,0,119,0,0
"Minnesota","Anoka",2025,90,79,11,0,0,0,0,70,54,36,0,4,60,26,0
"Minnesota","Becker",2025,47,44,3,0,0,0,0,68,48,34,0,0,25,22,0
"Minnesota","Beltrami",2025,88,86,2,0,0,0,0,56,42,31,0,0,27,61,0
"Minnesota","Blue Earth",2025,82,69,13,0,0,0,0,65,52,34,0,0,21,61,0
"Minnesota","Carlton",2025,80,77,3,0,0,0,0,65,42,30,0,0,27,53,0
"Minnesota","Cass",2025,90,85,5,0,0,0,0,55,42,22,0,0,0,90,0
"Minnesota","Cook",2025,86,86,0,0,0,0,0,49,22,12,0,0,0,86,0
"Minnesota","Crow Wing",2025,90,84,6,0,0,0,0,59,44,32,0,0,28,62,0
"Minnesota","Dakota",2025,91,79,12,0,0,0,0,68,57,31,1,12,0,78,0
"Minnesota","Goodhue",2025,30,30,0,0,0,0,0,49,48,39,0,0,30,0,0
"Minnesota","Hennepin",2025,91,71,20,0,0,0,0,81,61,38,1,8,11,71,0
"Minnesota","Lake",2025,85,85,0,0,0,0,0,46,43,16,0,0,22,63,0
"Minnesota","Lyon",2025,90,84,6,0,0,0,0,67,46,29,0,0,26,61,3
"Minnesota","Mille Lacs",2025,31,31,0,0,0,0,0,46,39,34,0,0,31,0,0
"Minnesota","Olmsted",2025,69,56,13,0,0,0,0,71,55,38,0,0,22,47,0
"Minnesota","Ramsey",2025,90,73,17,0,0,0,0,74,55,31,0,0,0,84,6
"Minnesota","Saint Louis",2025,120,111,9,0,0,0,0,76,48,39,0,0,98,22,0
"Minnesota","Scott",2025,90,78,12,0,0,0,0,65,55,33,0,0,25,65,0
"Minnesota","Stearns",2025,82,78,4,0,0,0,0,59,44,32,0,0,28,54,0
"Minnesota","Washington",2025,31,31,0,0,0,0,0,48,42,36,0,0,31,0,0
"Minnesota","Wright",2025,74,70,4,0,0,0,0,62,48,35,0,0,29,45,0
"Mississippi","Bolivar",2025,151,120,31,0,0,0,0,88,58,42,0,0,60,91,0
"Mississippi","DeSoto",2025,151,113,38,0,0,0,0,80,56,42,0,0,51,100,0
"Mississippi","Forrest",2025,149,95,54,0,0,0,0,97,58,46,0,0,0,149,0
"Mississippi","Hancock",2025,151,101,50,0,0,0,0,77,58,45,0,0,41,110,0
"Mississippi","Harrison",2025,151,101,50,0,0,0,0,90,59,44,0,0,45,106,0
"Mississippi","Hinds",2025,152,79,73,0,0,0,0,84,61,50,1,0,48,103,0
"Mississippi","Jackson",2025,151,98,53,0,0,0,0,90,59,46,0,0,49,102,0
"Mississippi","Lauderdale",2025,91,87,4,0,0,0,0,93,47,36,0,0,91,0,0
"Mississippi","Lee",2025,92,86,6,0,0,0,0,64,49,40,0,0,92,0,0
"Mississippi","Yalobusha",2025,115,106,9,0,0,0,0,80,47,35,0,0,115,0,0
"Missouri","Andrew",2025,30,29,1,0,0,0,0,74,46,40,0,0,30,0,0
"Missouri","Boone",2025,33,30,3,0,0,0,0,67,50,42,0,0,33,0,0
"Missouri","Buchanan",2025,89,57,31,0,0,1,0,256,61,39,0,0,0,76,13
"Missouri","Callaway",2025,45,41,4,0,0,0,0,74,49,43,0,0,45,0,0
"Missouri","Cass",2025,87,77,10,0,0,0,0,74,52,38,0,0,28,59,0
"Missouri","Cedar",2025,89,73,16,0,0,0,0,98,53,40,0,0,26,63,0
"Missouri","Clay",2025,87,74,12,1,0,0,0,128,55,39,0,0,31,56,0
"Missouri","Clinton",2025,32,30,2,0,0,0,0,67,46,41,0,0,32,0,0
"Missouri","Greene",2025,89,63,24,1,1,0,0,160,63,43,0,0,22,64,3
"Missouri","Jackson",2025,90,50,39,0,0,1,0,293,61,47,1,18,0,55,16
"Missouri","Jasper",2025,89,72,16,0,1,0,0,162,64,33,0,0,26,0,63
"Missouri","Jefferson",2025,89,68,21,0,0,0,0,77,58,38,0,0,21,65,3
"Missouri","Lincoln",2025,32,29,3,0,0,0,0,90,49,42,0,0,32,0,0
"Missouri","Monroe",2025,89,85,4,0,0,0,0,97,45,32,0,0,84,0,5
"Missouri","Perry",2025,40,39,1,0,0,0,0,54,48,40,0,0,40,0,0
"Missouri","Saint Charles",2025,33,30,3,0,0,0,0,80,48,42,0,0,33,0,0
"Missouri","Saint Louis",2025,89,81,8,0,0,0,0,93,50,36,0,40,37,12,0
"Missouri","Sainte Genevieve",2025,40,37,3,0,0,0,0,71,49,42,0,0,40,0,0
"Missouri","St. Louis City",2025,90,45,43,0,0,0,2,738,71,51,1,2,15,60,12
"Montana","Beaverhead",2025,84,84,0,0,0,0,0,48,13,6,0,0,0,84,0
"Montana","Custer",2025,90,88,2,0,0,0,0,52,41,36,0,1,76,13,0
"Montana","Dawson",2025,90,90,0,0,0,0,0,43,21,6,0,0,0,90,0
"Montana","Fergus",2025,90,90,0,0,0,0,0,48,46,42,0,0,84,6,0
"Montana","Flathead",2025,120,87,33,0,0,0,0,80,64,42,0,0,70,45,5
"Montana","Gallatin",2025,121,119,2,0,0,0,0,62,23,12,1,26,0,94,0
"Montana","Glacier",2025,76,76,0,0,0,0,0,44,33,20,0,0,0,76,0
"Montana","Hill",2025,90,90,0,0,0,0,0,41,23,11,0,0,0,90,0
"Montana","Lewis and Clark",2025,91,55,36,0,0,0,0,93,73,44,1,0,41,49,0
"Montana","Lincoln",2025,90,20,70,0,0,0,0,92,71,60,0,0,0,90,0
"Montana","Missoula",2025,90,64,26,0,0,0,0,82,63,39,0,0,31,59,0
"Montana","Phillips",2025,90,89,1,0,0,0,0,51,34,16,0,0,0,90,0
"Montana","Ravalli",2025,90,62,28,0,0,0,0,73,61,31,0,0,0,90,0
"Montana","Richland",2025,90,88,2,0,0,0,0,53,42,36,0,0,73,17,0
"Montana","Sanders",2025,90,90,0,0,0,0,0,31,19,14,0,0,0,0,90
"Montana","Silver Bow",2025,90,61,29,0,0,0,0,77,58,34,0,0,0,86,4
"Montana","Teton",2025,82,82,0,0,0,0,0,41,23,9,0,0,0,82,0
"Montana","Yellowstone",2025,90,82,8,0,0,0,0,77,47,37,0,6,45,39,0
"Nebraska","Cass",2025,165,157,8,0,0,0,0,64,38,19,0,0,0,0,165
"Nebraska","Douglas",2025,182,121,60,1,0,0,0,105,64,44,1,0,92,81,8
"Nebraska","Gage",2025,173,144,29,0,0,0,0,90,58,28,0,0,0,173,0
"Nebraska","Hall",2025,160,126,34,0,0,0,0,87,58,34,0,0,45,115,0
"Nebraska","Knox",2025,114,112,2,0,0,0,0,64,46,36,0,0,114,0,0
"Nebraska","Lancaster",2025,48,42,6,0,0,0,0,62,52,34,0,0,25,23,0
"Nebraska","Sarpy",2025,174,128,46,0,0,0,0,85,60,36,0,0,0,174,0
"Nebraska","Scotts Bluff",2025,166,159,7,0,0,0,0,64,44,26,0,0,0,166,0
"Nebraska","Washington",2025,157,134,23,0,0,0,0,86,56,28,0,0,0,157,0
"Nevada","Carson City",2025,90,76,14,0,0,0,0,62,53,43,0,0,53,37,0
"Nevada","Churchill",2025,89,89,0,0,0,0,0,48,44,35,0,0,89,0,0
"Nevada","Clark",2025,152,53,94,5,0,0,0,125,87,55,1,0,96,45,10
"Nevada","Douglas",2025,90,74,16,0,0,0,0,57,53,26,0,0,0,90,0
"Nevada","Elko",2025,90,81,8,1,0,0,0,137,51,12,0,0,0,0,90
"Nevada","Lyon",2025,90,88,2,0,0,0,0,54,48,40,0,0,90,0,0
"Nevada","Nye",2025,90,82,7,1,0,0,0,128,46,21,0,0,0,0,90
"Nevada","Washoe",2025,91,58,33,0,0,0,0,77,62,48,1,0,58,30,2
"Nevada","White Pine",2025,117,101,16,0,0,0,0,87,54,44,0,0,117,0,0
"New Hampshire","Belknap",2025,90,76,14,0,0,0,0,84,53,38,0,0,30,60,0
"New Hampshire","Cheshire",2025,90,70,20,0,0,0,0,75,57,39,0,0,54,36,0
"New Hampshire","Coos",2025,91,83,7,1,0,0,0,119,50,44,2,0,89,0,0
"New Hampshire","Grafton",2025,119,113,6,0,0,0,0,64,47,39,0,0,104,15,0
"New Hampshire","Hillsborough",2025,91,79,12,0,0,0,0,62,54,39,1,0,74,16,0
"New Hampshire","Merrimack",2025,31,30,1,0,0,0,0,51,44,38,0,0,31,0,0
"New Hampshire","Rockingham",2025,91,83,8,0,0,0,0,55,49,40,1,0,75,15,0
"New Jersey","Atlantic",2025,83,83,0,0,0,0,0,46,41,35,0,0,83,0,0
"New Jersey","Bergen",2025,89,87,2,0,0,0,0,57,44,36,2,59,28,0,0
"New Jersey","Camden",2025,89,89,0,0,0,0,0,49,44,34,2,15,72,0,0
"New Jersey","Cumberland",2025,87,87,0,0,0,0,0,48,44,34,0,3,84,0,0
"New Jersey","Gloucester",2025,42,42,0,0,0,0,0,50,45,38,0,0,42,0,0
"New Jersey","Hudson",2025,89,87,2,0,0,0,0,56,46,37,3,66,20,0,0
"New Jersey","Hunterdon",2025,87,87,0,0,0,0,0,49,41,34,0,0,87,0,0
"New Jersey","Mercer",2025,120,114,6,0,0,0,0,90,47,37,0,0,120,0,0
"New Jersey","Middlesex",2025,87,87,0,0,0,0,0,46,38,31,0,17,70,0,0
"New Jersey","Monmouth",2025,54,54,0,0,0,0,0,50,41,35,0,0,54,0,0
"New Jersey","Morris",2025,89,89,0,0,0,0,0,50,43,36,0,2,87,0,0
"New Jersey","Ocean",2025,37,35,2,0,0,0,0,64,46,41,0,0,37,0,0
"New Jersey","Passaic",2025,44,44,0,0,0,0,0,46,44,39,0,0,44,0,0
"New Jersey","Union",2025,89,86,3,0,0,0,0,55,47,32,6,83,0,0,0
"New Jersey","Warren",2025,86,84,2,0,0,0,0,51,43,34,0,8,78,0,0
"New Mexico","Bernalillo",2025,91,21,65,3,1,1,0,228,81,58,1,0,18,31,41
"New Mexico","Dona Ana",2025,179,97,64,8,2,2,6,424,105,49,0,0,103,35,41
"New Mexico","Eddy",2025,120,88,30,2,0,0,0,143,71,45,0,0,120,0,0
"New Mexico","Lea",2025,90,66,20,1,3,0,0,186,65,40,0,5,52,33,0
"New Mexico","Luna",2025,90,71,12,3,4,0,0,178,93,19,0,0,0,0,90
"New Mexico","Rio Arriba",2025,86,81,5,0,0,0,0,71,48,44,0,0,86,0,0
"New Mexico","San Juan",2025,120,96,24,0,0,0,0,77,61,45,0,3,116,0,1
"New Mexico","Sandoval",2025,87,84,3,0,0,0,0,74,47,40,0,0,87,0,0
"New Mexico","Santa Fe",2025,90,81,9,0,0,0,0,71,51,43,0,0,86,4,0
"New Mexico","Taos",2025,90,88,2,0,0,0,0,52,28,13,0,0,0,90,0
"New Mexico","Valencia",2025,88,82,6,0,0,0,0,80,49,42,0,0,88,0,0
"New York","Albany",2025,120,99,21,0,0,0,0,73,55,26,0,0,0,120,0
"New York","Bronx",2025,182,147,35,0,0,0,0,69,56,31,62,25,0,95,0
"New York","Chautauqua",2025,108,100,8,0,0,0,0,97,45,37,0,0,105,3,0
"New York","Dutchess",2025,118,113,4,1,0,0,0,101,46,37,0,0,118,0,0
"New York","Erie",2025,182,147,35,0,0,0,0,84,58,37,62,0,56,64,0
"New York","Essex",2025,120,109,10,1,0,0,0,101,50,42,0,0,119,1,0
"New York","Hamilton",2025,117,114,3,0,0,0,0,61,44,37,0,0,117,0,0
"New York","Jefferson",2025,119,117,2,0,0,0,0,58,45,37,0,0,119,0,0
"New York","Kings",2025,120,83,37,0,0,0,0,73,63,39,0,0,0,120,0
"New York","Monroe",2025,182,151,31,0,0,0,0,70,57,34,62,0,70,50,0
"New York","New York",2025,182,152,30,0,0,0,0,61,54,35,62,0,49,71,0
"New York","Niagara",2025,113,111,2,0,0,0,0,61,43,35,0,0,113,0,0
"New York","Oneida",2025,108,96,12,0,0,0,0,57,52,32,0,0,0,108,0
"New York","Onondaga",2025,120,104,16,0,0,0,0,67,52,38,0,0,87,33,0
"New York","Orange",2025,120,105,15,0,0,0,0,59,52,30,0,0,0,120,0
"New York","Oswego",2025,113,112,1,0,0,0,0,54,44,36,0,0,113,0,0
"New York","Putnam",2025,116,111,5,0,0,0,0,97,45,37,0,0,116,0,0
"New York","Queens",2025,182,140,42,0,0,0,0,71,58,40,62,22,33,65,0
"New York","Richmond",2025,118,103,15,0,0,0,0,74,54,40,0,0,61,57,0
"New York","Rockland",2025,120,107,13,0,0,0,0,87,52,39,0,0,79,41,0
"New York","Saratoga",2025,112,108,4,0,0,0,0,61,44,37,0,0,112,0,0
"New York","Steuben",2025,158,142,16,0,0,0,0,77,51,38,38,0,99,21,0
"New York","Suffolk",2025,182,166,15,1,0,0,0,150,49,39,16,0,159,7,0
"New York","Tompkins",2025,117,111,6,0,0,0,0,71,47,38,0,0,117,0,0
"New York","Wayne",2025,114,113,1,0,0,0,0,58,43,36,0,0,114,0,0
"New York","Westchester",2025,120,106,14,0,0,0,0,67,52,40,0,0,76,44,0
"North Carolina","Alexander",2025,31,26,5,0,0,0,0,77,54,44,0,0,31,0,0
"North Carolina","Avery",2025,31,23,8,0,0,0,0,80,67,45,0,0,31,0,0
"North Carolina","Buncombe",2025,151,101,50,0,0,0,0,97,59,43,0,0,20,131,0
"North Carolina","Caldwell",2025,31,28,3,0,0,0,0,74,50,43,0,0,31,0,0
"North Carolina","Carteret",2025,117,107,10,0,0,0,0,80,49,39,0,0,117,0,0
"North Carolina","Caswell",2025,31,27,4,0,0,0,0,77,58,44,0,0,31,0,0
"North Carolina","Catawba",2025,141,99,42,0,0,0,0,71,56,41,0,0,0,141,0
"North Carolina","Cumberland",2025,151,101,50,0,0,0,0,74,57,44,0,0,24,122,5
"North Carolina","Davidson",2025,137,74,63,0,0,0,0,73,61,49,0,0,0,137,0
"North Carolina","Durham",2025,151,105,46,0,0,0,0,71,56,42,0,0,18,131,2
"North Carolina","Edgecombe",2025,151,132,19,0,0,0,0,64,52,32,0,0,19,132,0
"North Carolina","Forsyth",2025,120,71,49,0,0,0,0,90,67,47,0,1,39,80,0
"North Carolina","Graham",2025,31,25,6,0,0,0,0,80,64,47,0,0,31,0,0
"North Carolina","Granville",2025,27,24,3,0,0,0,0,77,61,42,0,0,27,0,0
"North Carolina","Guilford",2025,151,116,35,0,0,0,0,77,55,38,0,0,24,126,1
"North Carolina","Haywood",2025,31,25,6,0,0,0,0,74,74,47,0,0,31,0,0
"North Carolina","Johnston",2025,151,121,30,0,0,0,0,84,54,36,0,0,21,130,0
"North Carolina","Lenoir",2025,31,29,2,0,0,0,0,71,49,42,0,0,31,0,0
"North Carolina","Lincoln",2025,31,22,9,0,0,0,0,84,64,45,0,0,31,0,0
"North Carolina","Macon",2025,108,98,10,0,0,0,0,97,49,39,0,0,108,0,0
"North Carolina","Martin",2025,135,135,0,0,0,0,0,50,40,13,0,0,30,0,105
"North Carolina","Mecklenburg",2025,182,87,95,0,0,0,0,83,66,51,1,3,61,117,0
"North Carolina","Mitchell",2025,151,116,34,1,0,0,0,102,56,35,0,0,0,151,0
"North Carolina","Montgomery",2025,150,123,27,0,0,0,0,85,53,40,0,0,82,68,0
"North Carolina","New Hanover",2025,151,102,47,2,0,0,0,121,57,43,0,0,14,137,0
"North Carolina","Northampton",2025,151,123,28,0,0,0,0,66,54,29,0,0,0,151,0
"North Carolina","Person",2025,24,20,4,0,0,0,0,74,64,44,0,0,24,0,0
"North Carolina","Pitt",2025,151,135,16,0,0,0,0,71,51,32,0,0,27,124,0
"North Carolina","Rockingham",2025,31,27,4,0,0,0,0,74,58,44,0,0,31,0,0
"North Carolina","Rowan",2025,145,107,38,0,0,0,0,79,55,42,0,0,45,100,0
"North Carolina","Swain",2025,151,134,17,0,0,0,0,80,51,33,0,0,23,128,0
"North Carolina","Union",2025,31,25,6,0,0,0,0,64,54,44,0,0,31,0,0
"North Carolina","Wake",2025,151,105,46,0,0,0,0,69,58,40,0,0,47,104,0
"North Dakota","Billings",2025,120,116,4,0,0,0,0,64,44,37,0,0,111,9,0
"North Dakota","Burke",2025,120,120,0,0,0,0,0,50,44,37,0,0,105,15,0
"North Dakota","Burleigh",2025,121,116,5,0,0,0,0,56,46,36,1,1,101,18,0
"North Dakota","Cass",2025,120,116,4,0,0,0,0,64,44,35,0,0,98,22,0
"North Dakota","Dunn",2025,120,118,2,0,0,0,0,58,45,37,0,0,100,20,0
"North Dakota","McKenzie",2025,120,117,3,0,0,0,0,58,44,37,0,0,109,11,0
"North Dakota","Mercer",2025,120,118,2,0,0,0,0,54,44,36,0,0,111,9,0
"North Dakota","Oliver",2025,120,119,1,0,0,0,0,51,44,37,0,0,110,10,0
"North Dakota","Ward",2025,120,119,1,0,0,0,0,60,43,35,0,0,83,37,0
"Ohio","Allen",2025,143,116,27,0,0,0,0,71,56,38,0,0,75,68,0
"Ohio","Ashtabula",2025,92,81,10,1,0,0,0,101,54,42,0,0,92,0,0
"Ohio","Athens",2025,149,136,13,0,0,0,0,59,49,26,0,0,0,149,0
"Ohio","Belmont",2025,151,110,40,1,0,0,0,123,57,38,0,2,0,134,15
"Ohio","Butler",2025,151,69,82,0,0,0,0,97,70,52,0,0,36,115,0
"Ohio","Clark",2025,149,111,38,0,0,0,0,87,59,42,0,0,71,78,0
"Ohio","Clermont",2025,150,123,27,0,0,0,0,84,54,41,0,0,68,82,0
"Ohio","Clinton",2025,92,85,7,0,0,0,0,77,48,41,0,0,92,0,0
"Ohio","Columbiana",2025,26,26,0,0,0,0,0,31,19,9,0,0,0,0,26
"Ohio","Cuyahoga",2025,152,83,69,0,0,0,0,97,66,48,4,0,53,85,10
"Ohio","Delaware",2025,92,83,9,0,0,0,0,80,50,39,0,0,92,0,0
"Ohio","Franklin",2025,151,80,71,0,0,0,0,88,65,48,0,0,46,102,3
"Ohio","Geauga",2025,92,79,13,0,0,0,0,100,61,42,0,0,92,0,0
"Ohio","Greene",2025,92,85,7,0,0,0,0,90,48,40,0,0,92,0,0
"Ohio","Hamilton",2025,152,74,78,0,0,0,0,80,62,51,1,3,51,97,0
"Ohio","Jefferson",2025,151,102,49,0,0,0,0,80,61,44,0,0,63,88,0
"Ohio","Knox",2025,92,87,5,0,0,0,0,84,47,38,0,0,92,0,0
"Ohio","Lake",2025,149,118,30,1,0,0,0,101,60,41,0,0,85,64,0
"Ohio","Lawrence",2025,151,119,32,0,0,0,0,80,55,42,0,0,79,72,0
"Ohio","Licking",2025,92,84,8,0,0,0,0,77,49,40,0,0,92,0,0
"Ohio","Lorain",2025,88,82,6,0,0,0,0,77,48,39,0,0,88,0,0
"Ohio","Lucas",2025,151,81,69,1,0,0,0,101,64,48,0,0,50,101,0
"Ohio","Madison",2025,91,83,8,0,0,0,0,97,49,41,0,0,91,0,0
"Ohio","Mahoning",2025,149,109,40,0,0,0,0,74,60,41,0,0,63,86,0
"Ohio","Medina",2025,147,121,26,0,0,0,0,79,58,41,0,0,82,65,0
"Ohio","Miami",2025,92,84,8,0,0,0,0,80,49,40,0,0,92,0,0
"Ohio","Montgomery",2025,151,107,44,0,0,0,0,87,58,41,0,0,59,92,0
"Ohio","Noble",2025,119,108,11,0,0,0,0,90,50,38,0,0,119,0,0
"Ohio","Portage",2025,92,81,11,0,0,0,0,84,51,41,0,0,92,0,0
"Ohio","Preble",2025,152,114,38,0,0,0,0,71,56,41,1,0,86,65,0
"Ohio","Scioto",2025,151,109,41,0,0,1,0,238,57,38,0,0,0,144,7
"Ohio","Stark",2025,151,96,55,0,0,0,0,80,62,45,0,0,58,93,0
"Ohio","Summit",2025,151,111,40,0,0,0,0,74,60,42,0,0,72,79,0
"Ohio","Trumbull",2025,151,106,45,0,0,0,0,90,64,44,0,0,74,77,0
"Ohio","Warren",2025,150,113,37,0,0,0,0,87,57,42,0,0,79,71,0
"Ohio","Washington",2025,91,80,11,0,0,0,0,97,54,41,0,0,91,0,0
"Ohio","Wood",2025,91,87,4,0,0,0,0,77,45,38,0,0,91,0,0
"Oklahoma","Adair",2025,91,47,42,0,2,0,0,184,65,49,1,0,30,57,3
"Oklahoma","Canadian",2025,93,72,21,0,0,0,0,90,61,44,0,0,93,0,0
"Oklahoma","Carter",2025,129,111,17,0,1,0,0,155,53,25,0,0,0,129,0
"Oklahoma","Cleveland",2025,150,93,55,2,0,0,0,130,67,45,0,0,80,70,0
"Oklahoma","Comanche",2025,149,104,44,1,0,0,0,128,60,44,0,0,75,74,0
"Oklahoma","Creek",2025,92,68,24,0,0,0,0,97,61,44,0,0,92,0,0
"Oklahoma","Dewey",2025,151,98,52,0,1,0,0,164,71,46,0,0,76,75,0
"Oklahoma","Kay",2025,149,112,35,2,0,0,0,141,57,33,0,0,0,149,0
"Oklahoma","Kiowa",2025,88,69,19,0,0,0,0,80,64,44,0,0,88,0,0
"Oklahoma","Love",2025,92,69,21,2,0,0,0,129,80,45,0,0,92,0,0
"Oklahoma","Mayes",2025,32,27,5,0,0,0,0,80,54,42,0,0,32,0,0
"Oklahoma","McClain",2025,106,87,19,0,0,0,0,93,61,43,0,0,106,0,0
"Oklahoma","Oklahoma",2025,152,80,67,4,0,0,1,459,72,50,1,5,70,73,3
"Oklahoma","Osage",2025,100,80,20,0,0,0,0,97,58,44,0,0,100,0,0
"Oklahoma","Ottawa",2025,90,59,29,1,0,0,1,305,64,45,0,0,10,74,6
"Oklahoma","Pittsburg",2025,151,91,57,3,0,0,0,140,71,47,0,0,69,82,0
"Oklahoma","Sequoyah",2025,120,83,35,2,0,0,0,138,57,43,0,0,15,105,0
"Oklahoma","Tulsa",2025,152,77,74,0,0,0,1,508,74,50,1,0,70,77,4
"Oklahoma","Washington",2025,151,107,42,1,1,0,0,168,67,43,0,0,80,71,0
"Oregon","Baker",2025,90,71,19,0,0,0,0,68,55,33,0,0,0,90,0
"Oregon","Clackamas",2025,89,84,5,0,0,0,0,67,42,22,0,0,0,89,0
"Oregon","Columbia",2025,90,84,6,0,0,0,0,69,45,20,0,0,0,90,0
"Oregon","Crook",2025,90,56,34,0,0,0,0,75,65,39,0,0,0,90,0
"Oregon","Deschutes",2025,90,82,8,0,0,0,0,56,50,23,0,0,0,90,0
"Oregon","Grant",2025,90,32,58,0,0,0,0,86,74,54,0,0,0,90,0
"Oregon","Harney",2025,90,37,53,0,0,0,0,93,64,52,0,0,0,90,0
"Oregon","Jackson",2025,90,49,41,0,0,0,0,80,69,47,0,0,0,90,0
"Oregon","Jefferson",2025,90,67,23,0,0,0,0,77,61,32,0,0,0,90,0
"Oregon","Josephine",2025,90,48,41,1,0,0,0,109,76,49,0,0,0,90,0
"Oregon","Klamath",2025,90,46,44,0,0,0,0,83,72,50,0,0,0,90,0
"Oregon","Lake",2025,89,58,30,1,0,0,0,105,78,29,0,0,0,89,0
"Oregon","Lane",2025,90,39,47,4,0,0,0,117,87,53,0,0,0,90,0
"Oregon","Linn",2025,90,65,25,0,0,0,0,72,66,35,0,0,0,90,0
"Oregon","Marion",2025,90,69,21,0,0,0,0,85,61,29,0,0,0,90,0
"Oregon","Multnomah",2025,91,65,26,0,0,0,0,87,60,38,1,0,36,54,0
"Oregon","Umatilla",2025,90,64,26,0,0,0,0,78,60,36,0,0,0,90,0
"Oregon","Union",2025,90,79,11,0,0,0,0,70,52,27,0,0,0,90,0
"Oregon","Wallowa",2025,90,74,16,0,0,0,0,62,55,33,0,0,0,90,0
"Oregon","Wasco",2025,90,78,12,0,0,0,0,65,57,27,0,0,0,90,0
"Oregon","Washington",2025,91,67,24,0,0,0,0,88,58,36,1,0,40,50,0
"Pennsylvania","Adams",2025,120,80,40,0,0,0,0,93,60,44,0,0,73,47,0
"Pennsylvania","Allegheny",2025,91,51,40,0,0,0,0,94,77,48,1,0,34,56,0
"Pennsylvania","Armstrong",2025,118,92,26,0,0,0,0,69,56,37,0,0,48,70,0
"Pennsylvania","Beaver",2025,120,73,47,0,0,0,0,77,62,43,0,2,29,89,0
"Pennsylvania","Berks",2025,120,82,38,0,0,0,0,91,62,39,0,0,40,80,0
"Pennsylvania","Blair",2025,90,77,13,0,0,0,0,68,54,38,0,0,63,27,0
"Pennsylvania","Bradford",2025,116,100,16,0,0,0,0,67,54,35,0,2,59,55,0
"Pennsylvania","Bucks",2025,120,118,2,0,0,0,0,51,43,31,0,39,81,0,0
"Pennsylvania","Cambria",2025,120,99,21,0,0,0,0,73,55,36,0,0,38,82,0
"Pennsylvania","Centre",2025,120,93,27,0,0,0,0,84,58,42,0,0,80,40,0
"Pennsylvania","Chester",2025,120,91,29,0,0,0,0,73,60,39,0,0,40,80,0
"Pennsylvania","Cumberland",2025,120,80,40,0,0,0,0,84,63,34,0,0,0,120,0
"Pennsylvania","Dauphin",2025,120,79,41,0,0,0,0,89,64,42,0,0,35,85,0
"Pennsylvania","Delaware",2025,120,79,41,0,0,0,0,82,63,42,0,0,32,88,0
"Pennsylvania","Elk",2025,120,114,6,0,0,0,0,77,48,38,0,0,120,0,0
"Pennsylvania","Erie",2025,120,101,19,0,0,0,0,63,55,36,1,3,55,61,0
"Pennsylvania","Fayette",2025,120,109,11,0,0,0,0,80,49,35,0,0,72,48,0
"Pennsylvania","Franklin",2025,87,87,0,0,0,0,0,49,43,35,0,0,87,0,0
"Pennsylvania","Greene",2025,117,103,14,0,0,0,0,93,53,37,0,0,65,52,0
"Pennsylvania","Indiana",2025,120,93,27,0,0,0,0,66,54,37,0,0,53,67,0
"Pennsylvania","Lackawanna",2025,120,92,28,0,0,0,0,69,58,37,0,14,52,54,0
"Pennsylvania","Lancaster",2025,120,75,44,1,0,0,0,101,65,43,0,0,34,86,0
"Pennsylvania","Lebanon",2025,120,80,40,0,0,0,0,98,63,41,0,0,35,85,0
"Pennsylvania","Lehigh",2025,118,88,30,0,0,0,0,84,59,38,0,0,39,79,0
"Pennsylvania","Lycoming",2025,117,88,29,0,0,0,0,78,59,39,0,0,47,70,0
"Pennsylvania","Mercer",2025,120,98,22,0,0,0,0,90,58,40,0,0,89,31,0
"Pennsylvania","Monroe",2025,90,90,0,0,0,0,0,48,41,34,0,0,90,0,0
"Pennsylvania","Montgomery",2025,120,90,30,0,0,0,0,75,58,39,0,0,40,80,0
"Pennsylvania","Northampton",2025,120,86,34,0,0,0,0,87,60,36,0,6,41,73,0
"Pennsylvania","Philadelphia",2025,91,47,44,0,0,0,0,81,66,50,1,2,23,65,0
"Pennsylvania","Somerset",2025,120,113,7,0,0,0,0,67,46,37,0,0,120,0,0
"Pennsylvania","Susquehanna",2025,118,106,12,0,0,0,0,56,51,21,0,0,0,118,0
"Pennsylvania","Tioga",2025,120,107,13,0,0,0,0,64,53,36,0,0,58,62,0
"Pennsylvania","Washington",2025,120,94,26,0,0,0,0,68,56,39,0,0,45,75,0
"Pennsylvania","Westmoreland",2025,117,100,17,0,0,0,0,74,54,34,0,0,61,56,0
"Pennsylvania","Wyoming",2025,119,100,19,0,0,0,0,69,53,22,0,0,0,119,0
"Pennsylvania","York",2025,119,85,34,0,0,0,0,77,62,41,0,6,42,71,0
"Puerto Rico","Bayamon",2025,62,61,1,0,0,0,0,68,37,28,0,0,0,62,0
"Puerto Rico","Caguas",2025,66,65,1,0,0,0,0,51,28,5,38,0,0,28,0
"Puerto Rico","Catano",2025,87,69,18,0,0,0,0,68,53,42,0,0,0,70,17
"Puerto Rico","Fajardo",2025,27,27,0,0,0,0,0,50,40,26,0,0,0,27,0
"Puerto Rico","Guayama",2025,13,13,0,0,0,0,0,24,22,16,0,0,0,0,13
"Puerto Rico","Guaynabo",2025,28,28,0,0,0,0,0,45,38,28,0,0,0,28,0
"Puerto Rico","Mayagnez",2025,90,90,0,0,0,0,0,22,19,12,0,0,90,0,0
"Puerto Rico","Ponce",2025,29,28,1,0,0,0,0,51,41,26,0,0,0,29,0
"Rhode Island","Kent",2025,150,144,6,0,0,0,0,64,45,35,0,0,87,63,0
"Rhode Island","Providence",2025,157,122,35,0,0,0,0,71,56,39,1,8,0,142,6
"Rhode Island","Washington",2025,151,131,20,0,0,0,0,71,52,40,0,0,88,63,0
"South Carolina","Aiken",2025,107,88,19,0,0,0,0,67,61,43,0,0,107,0,0
"South Carolina","Anderson",2025,107,95,12,0,0,0,0,84,54,42,0,0,107,0,0
"South Carolina","Berkeley",2025,108,92,16,0,0,0,0,84,54,43,0,0,108,0,0
"South Carolina","Charleston",2025,181,100,80,1,0,0,0,105,62,49,0,0,56,124,1
"South Carolina","Chesterfield",2025,161,101,59,1,0,0,0,103,60,46,0,0,57,104,0
"South Carolina","Darlington",2025,101,76,25,0,0,0,0,97,64,46,0,0,101,0,0
"South Carolina","Edgefield",2025,161,107,54,0,0,0,0,98,60,45,0,0,68,93,0
"South Carolina","Florence",2025,156,101,55,0,0,0,0,99,60,44,0,0,0,156,0
"South Carolina","Greenville",2025,181,95,86,0,0,0,0,93,63,49,0,0,67,114,0
"South Carolina","Horry",2025,151,106,42,1,2,0,0,170,64,45,0,0,61,90,0
"South Carolina","Richland",2025,181,100,81,0,0,0,0,83,61,48,0,1,73,107,0
"South Carolina","Spartanburg",2025,180,95,85,0,0,0,0,93,61,49,0,0,56,124,0
"South Carolina","York",2025,114,104,10,0,0,0,0,84,50,40,0,0,114,0,0
"South Dakota","Brookings",2025,90,67,23,0,0,0,0,65,58,41,0,0,22,68,0
"South Dakota","Brown",2025,87,82,5,0,0,0,0,55,44,25,0,0,0,76,11
"South Dakota","Clay",2025,90,82,8,0,0,0,0,66,49,34,0,0,52,38,0
"South Dakota","Codington",2025,90,83,7,0,0,0,0,62,47,29,0,0,36,54,0
"South Dakota","Custer",2025,90,68,22,0,0,0,0,64,54,46,0,0,63,27,0
"South Dakota","Hughes",2025,90,88,2,0,0,0,0,56,28,13,0,0,0,90,0
"South Dakota","Jackson",2025,90,80,10,0,0,0,0,58,51,43,0,0,55,35,0
"South Dakota","Meade",2025,90,88,2,0,0,0,0,54,49,44,0,0,88,0,2
"South Dakota","Minnehaha",2025,91,86,5,0,0,0,0,71,43,34,1,1,76,13,0
"South Dakota","Pennington",2025,90,69,20,1,0,0,0,107,62,31,0,2,0,50,38
"Tennessee","Anderson",2025,31,26,5,0,0,0,0,77,64,44,0,0,31,0,0
"Tennessee","Blount",2025,120,89,30,1,0,0,0,101,55,46,0,0,74,46,0
"Tennessee","Claiborne",2025,119,111,8,0,0,0,0,100,48,36,0,0,119,0,0
"Tennessee","Davidson",2025,91,46,45,0,0,0,0,80,60,50,1,3,14,73,0
"Tennessee","DeKalb",2025,115,105,10,0,0,0,0,84,49,37,0,0,115,0,0
"Tennessee","Dyer",2025,90,78,12,0,0,0,0,72,52,31,0,0,0,90,0
"Tennessee","Hamilton",2025,90,64,24,2,0,0,0,141,58,44,0,0,19,71,0
"Tennessee","Jefferson",2025,31,26,5,0,0,0,0,67,61,44,0,0,31,0,0
"Tennessee","Knox",2025,151,99,51,0,1,0,0,156,60,46,0,0,48,103,0
"Tennessee","Lawrence",2025,90,78,12,0,0,0,0,65,52,32,0,0,0,90,0
"Tennessee","Loudon",2025,90,78,12,0,0,0,0,71,52,39,0,0,23,67,0
"Tennessee","Madison",2025,90,81,9,0,0,0,0,65,52,29,0,0,0,90,0
"Tennessee","Maury",2025,90,81,9,0,0,0,0,64,51,33,0,0,0,90,0
"Tennessee","McMinn",2025,82,70,12,0,0,0,0,63,52,36,0,0,0,82,0
"Tennessee","Montgomery",2025,90,79,11,0,0,0,0,59,52,28,0,0,0,90,0
"Tennessee","Putnam",2025,84,80,4,0,0,0,0,65,44,29,0,0,0,84,0
"Tennessee","Roane",2025,85,79,6,0,0,0,0,56,47,28,0,0,0,85,0
"Tennessee","Sevier",2025,119,108,11,0,0,0,0,84,50,43,0,0,119,0,0
"Tennessee","Sullivan",2025,90,79,11,0,0,0,0,71,52,35,0,0,28,62,0
"Tennessee","Sumner",2025,86,63,23,0,0,0,0,80,59,44,0,0,25,61,0
"Tennessee","Williamson",2025,31,25,6,0,0,0,0,80,58,45,0,0,31,0,0
"Tennessee","Wilson",2025,30,25,5,0,0,0,0,77,54,44,0,0,30,0,0
"Texas","Atascosa",2025,88,60,28,0,0,0,0,92,61,39,0,0,0,88,0
"Texas","Bell",2025,120,81,37,2,0,0,0,112,65,44,0,0,76,44,0
"Texas","Bexar",2025,91,49,42,0,0,0,0,97,64,49,1,2,25,58,5
"Texas","Bowie",2025,118,89,28,1,0,0,0,107,55,36,0,0,0,118,0
"Texas","Brazoria",2025,90,85,5,0,0,0,0,97,47,36,0,5,77,8,0
"Texas","Brazos",2025,107,71,36,0,0,0,0,78,58,42,0,0,0,107,0
"Texas","Brewster",2025,118,87,30,0,1,0,0,164,69,44,0,0,107,11,0
"Texas","Cameron",2025,90,38,50,2,0,0,0,138,76,53,0,0,19,71,0
"Texas","Collin",2025,88,87,1,0,0,0,0,74,47,32,0,0,88,0,0
"Texas","Dallas",2025,90,47,41,1,0,0,1,304,64,50,0,3,31,55,1
"Texas","Denton",2025,90,74,15,0,1,0,0,163,54,41,0,0,58,32,0
"Texas","Ector",2025,120,73,45,0,2,0,0,183,66,45,0,0,0,120,0
"Texas","El Paso",2025,91,11,49,12,8,4,7,2122,223,77,1,1,6,24,59
"Texas","Ellis",2025,89,87,2,0,0,0,0,54,45,32,0,2,87,0,0
"Texas","Galveston",2025,90,71,17,1,1,0,0,179,58,41,0,0,52,38,0
"Texas","Gregg",2025,120,109,10,1,0,0,0,115,50,36,0,0,120,0,0
"Texas","Harris",2025,91,18,70,1,2,0,0,169,84,61,1,1,7,66,16
"Texas","Harrison",2025,120,88,32,0,0,0,0,100,57,41,0,0,53,67,0
"Texas","Hidalgo",2025,90,39,49,2,0,0,0,140,80,53,0,0,20,62,8
"Texas","Hood",2025,88,82,6,0,0,0,0,77,50,35,0,0,88,0,0
"Texas","Hunt",2025,90,89,1,0,0,0,0,54,47,33,0,10,80,0,0
"Texas","Jefferson",2025,120,45,75,0,0,0,0,93,64,53,0,0,27,93,0
"Texas","Johnson",2025,88,85,3,0,0,0,0,80,48,34,0,0,88,0,0
"Texas","Karnes",2025,84,84,0,0,0,0,0,32,17,7,0,84,0,0,0
"Texas","Kaufman",2025,90,65,23,2,0,0,0,126,58,43,0,0,50,40,0
"Texas","Kleberg",2025,85,52,32,1,0,0,0,107,68,41,0,0,0,85,0
"Texas","Lubbock",2025,120,106,12,1,1,0,0,167,52,17,0,0,0,120,0
"Texas","Maverick",2025,88,67,21,0,0,0,0,82,59,29,0,0,0,88,0
"Texas","McLennan",2025,121,60,59,2,0,0,0,142,67,51,3,0,37,81,0
"Texas","Montgomery",2025,90,38,51,1,0,0,0,119,65,53,0,0,26,64,0
"Texas","Navarro",2025,90,62,27,1,0,0,0,107,59,44,0,0,52,38,0
"Texas","Nueces",2025,90,45,40,5,0,0,0,137,76,51,0,0,24,63,3
"Texas","Orange",2025,120,73,47,0,0,0,0,69,58,44,0,0,41,79,0
"Texas","Parker",2025,81,75,6,0,0,0,0,80,47,35,0,0,81,0,0
"Texas","Polk",2025,119,109,9,1,0,0,0,105,50,34,0,0,119,0,0
"Texas","Potter",2025,107,98,9,0,0,0,0,85,31,4,0,0,0,107,0
"Texas","Randall",2025,119,117,2,0,0,0,0,51,45,36,0,0,119,0,0
"Texas","Rockwall",2025,73,73,0,0,0,0,0,49,42,31,0,0,73,0,0
"Texas","Smith",2025,120,109,11,0,0,0,0,93,50,35,0,7,113,0,0
"Texas","Tarrant",2025,91,35,53,2,1,0,0,162,68,53,1,1,21,68,0
"Texas","Travis",2025,121,55,64,2,0,0,0,126,70,52,1,1,34,82,3
"Texas","Victoria",2025,89,86,3,0,0,0,0,77,48,35,0,0,89,0,0
"Texas","Webb",2025,91,63,28,0,0,0,0,86,65,44,1,0,50,39,1
"Texas","Wilson",2025,88,88,0,0,0,0,0,41,23,8,0,88,0,0,0
"Utah","Box Elder",2025,181,110,70,1,0,0,0,105,71,46,0,0,159,19,3
"Utah","Cache",2025,181,116,65,0,0,0,0,87,67,45,0,0,149,32,0
"Utah","Carbon",2025,180,116,62,2,0,0,0,108,74,46,0,0,175,5,0
"Utah","Davis",2025,181,113,64,4,0,0,0,115,80,47,0,10,139,29,3
"Utah","Duchesne",2025,181,99,80,2,0,0,0,112,80,48,0,0,149,30,2
"Utah","Grand",2025,180,108,72,0,0,0,0,93,67,47,0,0,137,43,0
"Utah","Iron",2025,181,121,59,1,0,0,0,105,67,45,0,1,163,17,0
"Utah","Salt Lake",2025,182,73,102,6,1,0,0,175,90,54,1,6,119,46,10
"Utah","San Juan",2025,116,94,22,0,0,0,0,80,58,43,0,0,116,0,0
"Utah","Tooele",2025,181,130,50,1,0,0,0,101,67,44,0,0,155,26,0
"Utah","Uintah",2025,181,112,68,1,0,0,0,101,69,48,0,0,172,9,0
"Utah","Utah",2025,182,94,87,1,0,0,0,109,76,49,1,3,131,44,3
"Utah","Wasatch",2025,181,105,75,1,0,0,0,105,77,48,0,0,161,20,0
"Utah","Washington",2025,181,120,61,0,0,0,0,93,67,46,0,0,171,10,0
"Utah","Weber",2025,182,116,64,2,0,0,0,119,77,46,1,6,143,28,4
"Vermont","Bennington",2025,90,81,9,0,0,0,0,93,51,38,0,0,77,13,0
"Vermont","Chittenden",2025,91,87,3,1,0,0,0,108,46,40,1,0,85,5,0
"Vermont","Rutland",2025,90,69,21,0,0,0,0,74,58,39,0,0,56,34,0
"Virginia","Albemarle",2025,179,139,40,0,0,0,0,77,60,41,0,0,73,106,0
"Virginia","Arlington",2025,182,156,26,0,0,0,0,97,56,38,1,24,133,24,0
"Virginia","Bristol City",2025,58,42,16,0,0,0,0,61,56,36,0,0,0,58,0
"Virginia","Caroline",2025,119,112,7,0,0,0,0,74,48,40,0,0,119,0,0
"Virginia","Carroll",2025,30,30,0,0,0,0,0,19,17,8,0,0,0,0,30
"Virginia","Charles",2025,181,166,15,0,0,0,0,87,49,37,0,0,100,81,0
"Virginia","Chesterfield",2025,180,139,41,0,0,0,0,80,56,42,0,0,68,112,0
"Virginia","Fairfax",2025,182,137,45,0,0,0,0,90,58,44,1,14,99,68,0
"Virginia","Fauquier",2025,122,117,5,0,0,0,0,77,45,38,0,0,122,0,0
"Virginia","Frederick",2025,181,126,55,0,0,0,0,80,62,41,0,0,75,106,0
"Virginia","Giles",2025,117,104,13,0,0,0,0,80,51,41,0,0,117,0,0
"Virginia","Hampton City",2025,182,142,39,1,0,0,0,105,54,42,1,1,81,99,0
"Virginia","Hanover",2025,122,115,7,0,0,0,0,77,49,41,0,0,122,0,0
"Virginia","Henrico",2025,181,135,46,0,0,0,0,71,55,41,1,0,104,76,0
"Virginia","Hopewell City",2025,19,19,0,0,0,0,0,15,13,6,0,0,0,0,19
"Virginia","Loudoun",2025,181,143,38,0,0,0,0,84,59,42,0,1,110,70,0
"Virginia","Lynchburg City",2025,59,47,12,0,0,0,0,69,55,27,0,0,0,59,0
"Virginia","Madison",2025,144,119,25,0,0,0,0,87,61,40,0,0,87,55,2
"Virginia","Norfolk City",2025,182,148,34,0,0,0,0,64,53,34,1,12,0,169,0
"Virginia","Prince Edward",2025,107,100,7,0,0,0,0,67,48,40,0,0,107,0,0
"Virginia","Prince William",2025,180,172,8,0,0,0,0,80,47,37,0,1,179,0,0
"Virginia","Richmond City",2025,182,144,38,0,0,0,0,64,53,36,2,35,0,145,0
"Virginia","Roanoke",2025,182,150,32,0,0,0,0,79,55,40,1,2,82,97,0
"Virginia","Rockbridge",2025,121,116,5,0,0,0,0,67,46,40,0,0,121,0,0
"Virginia","Rockingham",2025,181,138,43,0,0,0,0,74,57,41,0,9,88,84,0
"Virginia","Salem City",2025,61,48,13,0,0,0,0,72,55,28,0,0,0,61,0
"Virginia","Stafford",2025,176,168,8,0,0,0,0,71,47,37,0,0,175,0,1
"Virginia","Suffolk City",2025,122,116,5,1,0,0,0,101,49,41,0,0,122,0,0
"Virginia","Virginia Beach City",2025,181,138,43,0,0,0,0,68,55,34,0,0,0,181,0
"Virginia","Wythe",2025,116,105,11,0,0,0,0,77,50,42,0,0,116,0,0
"Washington","Adams",2025,73,72,1,0,0,0,0,57,32,14,0,0,0,73,0
"Washington","Asotin",2025,90,58,32,0,0,0,0,82,72,41,0,0,0,90,0
"Washington","Benton",2025,90,77,13,0,0,0,0,68,53,20,0,0,0,77,13
"Washington","Chelan",2025,90,74,16,0,0,0,0,69,53,37,0,0,0,90,0
"Washington","Clallam",2025,90,63,27,0,0,0,0,60,57,43,0,0,6,84,0
"Washington","Clark",2025,90,71,19,0,0,0,0,80,60,29,0,0,0,90,0
"Washington","Columbia",2025,120,117,3,0,0,0,0,53,44,36,0,0,97,23,0
"Washington","Cowlitz",2025,90,74,16,0,0,0,0,72,60,27,0,0,0,90,0
"Washington","Franklin",2025,88,85,3,0,0,0,0,55,43,22,0,0,0,88,0
"Washington","Garfield",2025,90,88,2,0,0,0,0,52,38,17,0,0,0,90,0
"Washington","Grant",2025,90,82,8,0,0,0,0,59,50,26,0,0,0,90,0
"Washington","Grays Harbor",2025,90,89,1,0,0,0,0,52,37,19,0,0,0,90,0
"Washington","Jefferson",2025,83,75,8,0,0,0,0,59,48,21,0,0,0,83,0
"Washington","King",2025,91,55,36,0,0,0,0,74,64,43,1,6,23,61,0
"Washington","Kitsap",2025,90,87,3,0,0,0,0,58,43,21,0,0,0,90,0
"Washington","Kittitas",2025,90,67,23,0,0,0,0,81,58,31,0,0,0,90,0
"Washington","Lewis",2025,82,68,14,0,0,0,0,74,55,23,0,0,0,82,0
"Washington","Mason",2025,90,75,15,0,0,0,0,67,55,27,0,0,0,90,0
"Washington","Okanogan",2025,84,39,45,0,0,0,0,84,65,52,0,0,0,84,0
"Washington","Pacific",2025,90,90,0,0,0,0,0,39,27,13,0,0,0,90,0
"Washington","Pierce",2025,90,58,32,0,0,0,0,89,74,46,0,1,47,42,0
"Washington","Skagit",2025,90,88,2,0,0,0,0,54,35,18,0,0,0,90,0
"Washington","Snohomish",2025,90,42,48,0,0,0,0,87,77,53,0,0,0,90,0
"Washington","Spokane",2025,90,57,33,0,0,0,0,71,68,38,0,0,0,90,0
"Washington","Stevens",2025,90,62,28,0,0,0,0,65,63,38,0,0,0,82,8
"Washington","Thurston",2025,60,60,0,0,0,0,0,49,44,17,0,0,0,60,0
"Washington","Walla Walla",2025,90,74,16,0,0,0,0,70,58,27,0,0,0,74,16
"Washington","Whatcom",2025,89,81,8,0,0,0,0,58,49,23,0,0,0,89,0
"Washington","Whitman",2025,90,89,1,0,0,0,0,51,34,16,0,0,0,90,0
"Washington","Yakima",2025,90,56,34,0,0,0,0,87,68,41,0,0,0,89,1
"West Virginia","Berkeley",2025,40,31,9,0,0,0,0,74,55,43,0,0,20,20,0
"West Virginia","Brooke",2025,90,68,22,0,0,0,0,70,59,36,0,0,0,90,0
"West Virginia","Cabell",2025,90,68,22,0,0,0,0,71,57,39,0,0,20,70,0
"West Virginia","Greenbrier",2025,30,24,6,0,0,0,0,77,61,44,0,0,30,0,0
"West Virginia","Hancock",2025,90,68,22,0,0,0,0,71,57,35,0,0,12,78,0
"West Virginia","Harrison",2025,29,22,7,0,0,0,0,61,55,29,0,0,0,29,0
"West Virginia","Kanawha",2025,91,71,20,0,0,0,0,63,55,40,1,0,30,60,0
"West Virginia","Marion",2025,28,21,7,0,0,0,0,60,56,31,0,0,0,28,0
"West Virginia","Marshall",2025,65,31,34,0,0,0,0,75,63,51,0,0,0,65,0
"West Virginia","Monongalia",2025,48,37,11,0,0,0,0,97,61,43,0,0,29,19,0
"West Virginia","Ohio",2025,50,41,9,0,0,0,0,67,56,41,0,0,28,22,0
"West Virginia","Tucker",2025,120,109,11,0,0,0,0,71,50,38,0,0,120,0,0
"West Virginia","Wood",2025,49,39,10,0,0,0,0,65,55,40,0,0,30,19,0
"Wisconsin","Ashland",2025,90,85,5,0,0,0,0,63,46,37,0,0,76,14,0
"Wisconsin","Brown",2025,90,78,12,0,0,0,0,79,54,27,0,0,1,89,0
"Wisconsin","Columbia",2025,1,1,0,0,0,0,0,42,42,42,0,0,1,0,0
"Wisconsin","Dane",2025,90,71,19,0,0,0,0,80,58,36,0,0,1,89,0
"Wisconsin","Dodge",2025,91,77,14,0,0,0,0,79,52,37,1,0,65,24,1
"Wisconsin","Eau Claire",2025,90,75,15,0,0,0,0,78,56,29,0,0,1,89,0
"Wisconsin","Fond du Lac",2025,1,1,0,0,0,0,0,40,40,40,0,0,1,0,0
"Wisconsin","Forest",2025,88,79,9,0,0,0,0,71,52,39,0,0,73,15,0
"Wisconsin","Grant",2025,90,65,25,0,0,0,0,89,63,42,0,0,0,90,0
"Wisconsin","Jackson",2025,41,32,9,0,0,0,0,79,60,27,0,0,0,41,0
"Wisconsin","Jefferson",2025,1,1,0,0,0,0,0,40,40,40,0,0,1,0,0
"Wisconsin","Kenosha",2025,90,79,11,0,0,0,0,73,52,34,0,0,27,63,0
"Wisconsin","Kewaunee",2025,1,1,0,0,0,0,0,42,42,42,0,0,1,0,0
"Wisconsin","La Crosse",2025,1,1,0,0,0,0,0,39,39,39,0,0,1,0,0
"Wisconsin","Manitowoc",2025,1,1,0,0,0,0,0,40,40,40,0,0,1,0,0
"Wisconsin","Marathon",2025,89,79,10,0,0,0,0,71,52,24,0,0,1,88,0
"Wisconsin","Milwaukee",2025,91,66,25,0,0,0,0,76,55,37,1,12,1,70,7
"Wisconsin","Monroe",2025,12,12,0,0,0,0,0,35,31,23,0,0,0,12,0
"Wisconsin","Outagamie",2025,90,76,14,0,0,0,0,81,55,27,0,0,1,89,0
"Wisconsin","Ozaukee",2025,90,81,9,0,0,0,0,70,52,23,0,0,1,89,0
"Wisconsin","Racine",2025,1,1,0,0,0,0,0,43,43,43,0,0,1,0,0
"Wisconsin","Rock",2025,1,1,0,0,0,0,0,42,42,42,0,0,1,0,0
"Wisconsin","Sauk",2025,90,77,13,0,0,0,0,88,55,27,0,0,1,88,1
"Wisconsin","Sheboygan",2025,1,1,0,0,0,0,0,41,41,41,0,0,1,0,0
"Wisconsin","Taylor",2025,120,118,2,0,0,0,0,64,44,37,0,0,120,0,0
"Wisconsin","Vilas",2025,1,1,0,0,0,0,0,41,41,41,0,0,1,0,0
"Wisconsin","Walworth",2025,1,1,0,0,0,0,0,42,42,42,0,0,1,0,0
"Wisconsin","Waukesha",2025,90,69,21,0,0,0,0,85,56,36,0,0,1,88,1
"Wyoming","Albany",2025,145,91,52,2,0,0,0,144,72,48,0,0,96,25,24
"Wyoming","Campbell",2025,120,103,17,0,0,0,0,99,53,39,0,0,56,31,33
"Wyoming","Carbon",2025,90,90,0,0,0,0,0,30,19,7,0,90,0,0,0
"Wyoming","Converse",2025,90,89,1,0,0,0,0,53,45,39,0,1,83,0,6
"Wyoming","Fremont",2025,178,144,34,0,0,0,0,78,58,39,0,0,61,110,7
"Wyoming","Johnson",2025,90,89,1,0,0,0,0,51,45,39,0,0,87,0,3
"Wyoming","Laramie",2025,91,80,11,0,0,0,0,67,51,44,1,0,84,6,0
"Wyoming","Lincoln",2025,90,88,2,0,0,0,0,77,18,8,0,0,0,0,90
"Wyoming","Natrona",2025,90,88,2,0,0,0,0,62,47,41,0,0,84,6,0
"Wyoming","Park",2025,137,137,0,0,0,0,0,45,22,12,0,0,0,137,0
"Wyoming","Platte",2025,88,72,9,2,3,2,0,283,89,17,0,0,0,0,88
"Wyoming","Sheridan",2025,120,96,24,0,0,0,0,70,53,37,0,3,47,69,1
"Wyoming","Sublette",2025,120,88,32,0,0,0,0,87,61,46,0,0,118,2,0
"Wyoming","Sweetwater",2025,118,110,8,0,0,0,0,69,47,40,0,0,81,32,5
"Wyoming","Teton",2025,177,156,21,0,0,0,0,84,51,41,0,0,117,39,21
"Wyoming","Washakie",2025,171,167,4,0,0,0,0,59,20,7,0,0,0,171,0
